threads,cycles_app,sim_insts,ipc
1,2597586,4107655,1.581336
2,1508970,4233827,2.805773
4,970012,4369018,4.504087
8,705494,4570580,6.478553
16,582578,5008208,8.596631