threads,cycles_app,sim_insts,ipc
1,2092404,4107655,1.963127
2,1128158,4132898,3.663404
4,646916,4158816,6.428680
8,408798,4216901,10.315366